,acc,rej
0,0.0,1.0
1,0.0,1.0
2,0.0,1.0
3,0.0,1.0
4,0.0,1.0
5,0.0,1.0
6,0.0,1.0
7,0.0,1.0
8,0.0,1.0
9,0.0,1.0
10,0.0,1.0
11,0.0,1.0
12,0.0,1.0
13,0.0,1.0
14,0.0,1.0
15,0.0,1.0
16,0.0,1.0
17,0.0,1.0
18,0.0,1.0
19,0.0,1.0
20,0.0,1.0
21,0.0,0.9999343875073814
22,0.0,0.9998687750147628
23,0.0,0.9998687750147628
24,0.0,0.9998687750147628
25,0.0,0.9998687750147628
26,0.0,0.9998687750147628
27,0.0,0.9998687750147628
28,0.0,0.9998687750147628
29,0.0,0.9998031625221442
30,0.0,0.9998031625221442
31,0.0,0.9998031625221442
32,0.0,0.9998031625221442
33,0.0,0.9997375500295256
34,0.0,0.9997375500295256
35,0.0,0.9997375500295256
36,0.0,0.9996063250442885
37,0.0,0.9996063250442885
38,0.0,0.9996063250442885
39,0.0,0.9995407125516699
40,0.0,0.9994751000590513
41,0.0,0.9994094875664327
42,0.0,0.9994094875664327
43,0.0,0.9994094875664327
44,0.0,0.9994094875664327
45,0.0,0.9993438750738141
46,0.0,0.9993438750738141
47,0.0,0.9993438750738141
48,0.0,0.9993438750738141
49,0.0,0.9992782625811955
50,0.0,0.9992782625811955
51,0.0,0.9992126500885768
52,0.0,0.9991470375959582
53,0.0,0.9991470375959582
54,0.0,0.9991470375959582
55,0.0,0.9991470375959582
56,0.0,0.9991470375959582
57,0.0,0.9990814251033396
58,0.0,0.9990814251033396
59,0.0,0.9990814251033396
60,0.0,0.9990814251033396
61,0.0,0.9990814251033396
62,0.0005730659025787732,0.9990814251033396
63,0.0005730659025787732,0.9988845876254839
64,0.0011461318051575464,0.9988845876254839
65,0.0011461318051575464,0.9988845876254839
66,0.0011461318051575464,0.9988845876254839
67,0.0011461318051575464,0.9988189751328653
68,0.0011461318051575464,0.9986877501476281
69,0.0011461318051575464,0.9985565251623909
70,0.0011461318051575464,0.9984909126697723
71,0.0011461318051575464,0.9984253001771537
72,0.0011461318051575464,0.9980972377140608
73,0.0011461318051575464,0.997900400236205
74,0.0011461318051575464,0.9978347877435864
75,0.0011461318051575464,0.9977035627583491
76,0.0011461318051575464,0.997572337773112
77,0.0011461318051575464,0.997572337773112
78,0.0011461318051575464,0.9975067252804934
79,0.0011461318051575464,0.9974411127878748
80,0.0011461318051575464,0.9973755002952562
81,0.0011461318051575464,0.9971786628174004
82,0.0011461318051575464,0.9971130503247818
83,0.0011461318051575464,0.9969818253395446
84,0.0011461318051575464,0.9969162128469261
85,0.0011461318051575464,0.9967193753690703
86,0.0011461318051575464,0.9964569253985959
87,0.0011461318051575464,0.9963913129059773
88,0.0011461318051575464,0.9961944754281216
89,0.0011461318051575464,0.996128862935503
90,0.0011461318051575464,0.9959976379502657
91,0.0011461318051575464,0.9959320254576471
92,0.0011461318051575464,0.9957351879797913
93,0.0011461318051575464,0.9957351879797913
94,0.0011461318051575464,0.9957351879797913
95,0.0011461318051575464,0.9955383505019356
96,0.0011461318051575464,0.9954071255166984
97,0.0017191977077364307,0.995144675546224
98,0.0017191977077364307,0.9950790630536054
99,0.0017191977077364307,0.9950134505609868
100,0.0017191977077364307,0.9946853880978939
101,0.0017191977077364307,0.994488550620038
102,0.0017191977077364307,0.994488550620038
103,0.002865329512893977,0.9942261006495636
104,0.002865329512893977,0.9938324256938521
105,0.002865329512893977,0.9936355882159963
106,0.0040114613180515235,0.9935043632307592
107,0.005157593123209181,0.993373138245522
108,0.005730659025787954,0.993373138245522
109,0.005730659025787954,0.9931763007676662
110,0.005730659025787954,0.9931106882750476
111,0.005730659025787954,0.9928482383045731
112,0.005730659025787954,0.9928482383045731
113,0.006303724928366727,0.992717013319336
114,0.006303724928366727,0.992388950856243
115,0.006303724928366727,0.9922577258710058
116,0.006876790830945612,0.9919952759005315
117,0.007449856733524385,0.9916672134374385
118,0.007449856733524385,0.9914047634669642
119,0.008022922636103158,0.9912079259891083
120,0.009169054441260704,0.9909454760186339
121,0.010888252148997135,0.9906830260481596
122,0.011461318051575908,0.9903549635850666
123,0.012034383954154682,0.9900269011219737
124,0.012034383954154682,0.9898300636441179
125,0.012607449856733566,0.9893707761957877
126,0.013180515759312339,0.9889771012400761
127,0.013180515759312339,0.9887146512696018
128,0.014326647564469885,0.9881897513286529
129,0.014899713467048659,0.9881897513286529
130,0.017191977077363862,0.9879273013581786
131,0.017765042979942747,0.9875992388950856
132,0.02005730659025784,0.9873367889246113
133,0.02005730659025784,0.9870087264615183
134,0.02005730659025784,0.9868118889836625
135,0.021203438395415497,0.9864838265205695
136,0.022349570200573043,0.9858277015943836
137,0.022922636103151817,0.9855652516239092
138,0.024068767908309474,0.9850403516829604
139,0.025787965616045794,0.984777901712486
140,0.02693409742120345,0.9845154517420117
141,0.028080229226360998,0.9841873892789187
142,0.028080229226360998,0.9841217767863001
143,0.02979942693409743,0.9835968768453514
144,0.02979942693409743,0.9833344268748769
145,0.02979942693409743,0.983006364411784
146,0.030945558739254975,0.9827439144413096
147,0.03151862464183386,0.982678301948691
148,0.03209169054441263,0.982022177022505
149,0.032664756446991405,0.9816941145594121
150,0.03381088825214895,0.9814972770815563
151,0.034383954154727836,0.9808411521553704
152,0.034383954154727836,0.9806443146775146
153,0.03553008595988538,0.9803162522144216
154,0.03724928366762181,0.97992257725871
155,0.03839541547277936,0.9796601272882357
156,0.04126074498567334,0.9792008398399055
157,0.04355300859598854,0.9788727773768126
158,0.04527220630372497,0.9782822649432452
159,0.04699140401146129,0.9776917525096779
160,0.04871060171919772,0.9774293025392035
161,0.04985673352435527,0.9769044025982547
162,0.054441260744985676,0.9767075651203989
163,0.05558739255014322,0.9762482776720688
164,0.05558739255014322,0.9759202152089758
165,0.05673352435530088,0.9754609277606456
166,0.05673352435530088,0.9751984777901712
167,0.057879656160458426,0.9751328652975526
168,0.0584527220630372,0.9748048028344597
169,0.06131805157593129,0.9739518404304179
170,0.0630372492836676,0.9736893904599436
171,0.06475644699140404,0.9730988780263762
172,0.06647564469914036,0.972639590578046
173,0.06876790830945556,0.9725083655928088
174,0.06876790830945556,0.9720490781444787
175,0.06934097421203433,0.9716554031887672
176,0.07106017191977076,0.9712617282330556
177,0.07163323782234954,0.970868053277344
178,0.07335243553008597,0.970539990814251
179,0.07564469914040117,0.9703431533363952
180,0.08022922636103147,0.9698182533954465
181,0.08080229226361035,0.9693589659471163
182,0.08137535816618913,0.9689652909914047
183,0.08538681948424065,0.9682435535726002
184,0.08767908309455585,0.96778426612427
185,0.08997134670487106,0.9676530411390328
186,0.08997134670487106,0.9669313037202283
187,0.09054441260744983,0.9666032412571354
188,0.09169054441260749,0.966012728823568
189,0.09340974212034381,0.9656190538678564
190,0.09570200573065901,0.9652253789121449
191,0.09856733524355299,0.9647004789711962
192,0.10200573065902574,0.9643724165081031
193,0.10487106017191972,0.9640443540450102
194,0.10945558739255012,0.962928941670494
195,0.11174785100286533,0.9622072042516895
196,0.11289398280802287,0.9619447542812152
197,0.11575931232091685,0.9613542418476478
198,0.11805157593123206,0.960829341906699
199,0.11919770773638971,0.9602388294731317
200,0.12320916905444124,0.9597795420248015
201,0.12550143266475644,0.9591234170986156
202,0.12779369627507164,0.9586641296502854
203,0.1289398280802292,0.9579423922314809
204,0.13237822349570205,0.9574174922905321
205,0.13638968481375358,0.9565645298864904
206,0.13982808022922633,0.9561052424381602
207,0.14097421203438398,0.9553835050193556
208,0.14441260744985673,0.9546617676005511
209,0.1449856733524355,0.9540056426743652
210,0.14670487106017194,0.9538088051965095
211,0.14957020057306591,0.953546355226035
212,0.15300859598853866,0.9529558427924677
213,0.1547277936962751,0.9522997178662818
214,0.15816618911174785,0.9517092054327144
215,0.15988538681948428,0.9513155304770028
216,0.16217765042979948,0.9510530805065285
217,0.1638968481375358,0.9502001181024867
218,0.16790830945558743,0.9495439931763008
219,0.1684813753581662,0.9486254182796404
220,0.17020057306590253,0.9479036808608359
221,0.1736389684813754,0.9470507184567942
222,0.1753581661891117,0.9458696935896594
223,0.17822349570200569,0.9452135686634735
224,0.17936962750716334,0.9448855062003806
225,0.18108882521489966,0.9440325437963388
226,0.18395415472779375,0.9434420313627715
227,0.18853868194842405,0.9429171314218228
228,0.19140401146131802,0.9424578439734925
229,0.19598853868194843,0.9419985565251624
230,0.19713467048710598,0.9414736565842137
231,0.19999999999999996,0.9405550816875533
232,0.20057306590257884,0.939964569253986
233,0.20229226361031516,0.9393740568204186
234,0.20573065902578802,0.9386523194016141
235,0.2080229226361031,0.9376025195197165
236,0.21203438395415475,0.9368151696082934
237,0.2154727793696275,0.9360278196968703
238,0.21833810888252148,0.9357653697263959
239,0.22177650429799423,0.9351748572928286
240,0.22406876790830943,0.9347155698444984
241,0.22636103151862463,0.9339938324256939
242,0.23037249283667627,0.9332720950068893
243,0.23323782234957025,0.9322879076176104
244,0.23610315186246422,0.9316317826914244
245,0.2389684813753582,0.9311068827504757
246,0.24183381088825218,0.9306475953021456
247,0.24469914040114615,0.9301883078538153
248,0.24985673352435533,0.9295321829276294
249,0.2527220630372493,0.9288104455088249
250,0.25673352435530084,0.9284167705531133
251,0.25902578796561604,0.9276294206416902
252,0.2630372492836677,0.9269732957155042
253,0.26532951289398277,0.9261203333114625
254,0.26762177650429797,0.9249393084443278
255,0.27277936962750715,0.9244144085033791
256,0.27507163323782235,0.9239551210550488
257,0.2785100286532951,0.9233646086214815
258,0.2790830945558739,0.92297093366577
259,0.2813753581661891,0.922642871202677
260,0.28424068767908306,0.921986746276491
261,0.2859598853868195,0.9211993963650679
262,0.29111747851002867,0.9208057214093563
263,0.2951289398280802,0.9201495964831704
264,0.2968481375358166,0.9193622465717473
265,0.30143266475644703,0.9188373466307985
266,0.3048710601719198,0.9180499967193754
267,0.3065902578796562,0.9175250967784266
268,0.3088825214899713,0.9170001968374779
269,0.31289398280802294,0.9163440719112919
270,0.3186246418338109,0.9157535594777245
271,0.32206303724928365,0.9148349845810643
272,0.32435530085959885,0.9142444721474969
273,0.3255014326647564,0.9136539597139295
274,0.3277936962750716,0.9131290597729808
275,0.332378223495702,0.9127353848172692
276,0.33638968481375353,0.9120136473984647
277,0.3398280802292264,0.9113575224722787
278,0.34097421203438394,0.9108326225313299
279,0.3461318051575931,0.9101764976051441
280,0.3484240687679083,0.9094547601863394
281,0.35472779369627505,0.9085361852896792
282,0.35988538681948423,0.9076832228856374
283,0.3656160458452722,0.9072239354373073
284,0.36676217765042984,0.9062397480480283
285,0.3696275071633238,0.9055836231218424
286,0.37134670487106014,0.904993110688275
287,0.37593123209169055,0.9044025982547077
288,0.37994269340974207,0.9040089232989961
289,0.38338108882521493,0.9035496358506659
290,0.3862464183381089,0.90289351092448
291,0.3885386819484241,0.9021717735056755
292,0.3908309455587392,0.9017124860573453
293,0.39426934097421207,0.9011875861163966
294,0.39484240687679084,0.9006626861754478
295,0.39656160458452727,0.9002033987271176
296,0.39942693409742125,0.8997441112787875
297,0.4022922636103152,0.899022373859983
298,0.4080229226361032,0.8981037989633226
299,0.4103151862464184,0.8977101240076111
300,0.4120343839541547,0.8969227740961879
301,0.4143266475644699,0.896266649170002
302,0.41547277936962745,0.8954792992585788
303,0.41833810888252154,0.8944951118692999
304,0.4194842406876791,0.8936421494652582
305,0.4217765042979943,0.8927891870612165
306,0.42521489971346704,0.8921330621350305
307,0.4292263610315187,0.8917393871793189
308,0.4303724928366762,0.8912800997309888
309,0.433810888252149,0.8906239748048028
310,0.4361031518624642,0.8899022373859983
311,0.43896848137535815,0.8893117249524309
312,0.43954154727793693,0.8883931500557706
313,0.44183381088825213,0.8877370251295846
314,0.4452722063037249,0.8872777376812545
315,0.44871060171919774,0.8868184502329244
316,0.45100286532951295,0.8860967128141198
317,0.45329512893982804,0.8855062003805525
318,0.456160458452722,0.8851125254248409
319,0.4595988538681949,0.8843251755134177
320,0.4641833810888252,0.884128338035562
321,0.4681948424068768,0.8836690505872318
322,0.47392550143266476,0.8832097631389016
323,0.4773638968481375,0.8821599632570041
324,0.47908309455587395,0.8815694508234367
325,0.4796561604584527,0.8813070008529624
326,0.48309455587392547,0.8807821009120136
327,0.48595988538681945,0.8801259759858278
328,0.4899713467048711,0.8796010760448789
329,0.49054441260744985,0.8784200511777442
330,0.4922636103151863,0.8777639262515583
331,0.4939828080229226,0.8774358637884653
332,0.4962750716332378,0.8773702512958468
333,0.498567335243553,0.8768453513548979
334,0.5008595988538682,0.8763860639065678
335,0.5020057306590258,0.8756643264877633
336,0.5025787965616046,0.8750738140541959
337,0.5048710601719197,0.87441768912801
338,0.5077363896848137,0.8741552391575356
339,0.5123209169054441,0.8736303392165868
340,0.5146131805157593,0.8729742142904009
341,0.5163323782234956,0.8723837018568336
342,0.5203438395415473,0.8719244144085034
343,0.5214899713467049,0.8712026769896988
344,0.5255014326647565,0.8708090020339873
345,0.529512893982808,0.8700872646151827
346,0.5329512893982808,0.8696935896594712
347,0.5352435530085959,0.868906239748048
348,0.5386819484240688,0.8679220523587691
349,0.5409742120343839,0.8671347024473459
350,0.5432664756446992,0.8666754149990158
351,0.5461318051575932,0.8663473525359229
352,0.5472779369627507,0.8658880650875926
353,0.5489971346704872,0.8653631651466439
354,0.5489971346704872,0.8648382652056952
355,0.5512893982808023,0.8643133652647464
356,0.5524355300859598,0.8639853028016534
357,0.5564469914040114,0.8635916278459419
358,0.5587392550143266,0.8631323403976117
359,0.5616045845272206,0.86227937799357
360,0.563323782234957,0.8618857030378584
361,0.566189111747851,0.8614920280821469
362,0.5684813753581661,0.8609671281411981
363,0.571919770773639,0.8607702906633423
364,0.5759312320916905,0.8597861032740634
365,0.5776504297994269,0.8591299783478774
366,0.5799426934097421,0.858867528377403
367,0.5805157593123209,0.8584082409290729
368,0.5822349570200573,0.8578177284955055
369,0.5851002865329513,0.8570303785840824
370,0.5868194842406877,0.8561118036874221
371,0.5868194842406877,0.8556525162390919
372,0.5879656160458453,0.855324453775999
373,0.5896848137535817,0.8547339413424316
374,0.5902578796561604,0.8544714913719572
375,0.5925501432664757,0.8533560789974411
376,0.5931232091690544,0.8528311790564924
377,0.597134670487106,0.8526343415786366
378,0.5994269340974212,0.852240666622925
379,0.6028653295128941,0.8519782166524507
380,0.6045845272206304,0.8513220917262647
381,0.605730659025788,0.8510596417557903
382,0.605730659025788,0.8503379043369858
383,0.6074498567335244,0.8500754543665114
384,0.6108882521489971,0.849484941932944
385,0.6137535816618911,0.8492224919624697
386,0.6160458452722063,0.848828817006758
387,0.617191977077364,0.8484351420510465
388,0.6200573065902579,0.8477790171248606
389,0.6212034383954155,0.8472541171839119
390,0.6240687679083095,0.8468604422282002
391,0.6263610315186247,0.8464011547798701
392,0.6275071633237823,0.8460074798241586
393,0.628080229226361,0.8457450298536842
394,0.6315186246418338,0.8454169673905911
395,0.6326647564469914,0.8448264549570238
396,0.6332378223495703,0.8443671675086937
397,0.6366762177650429,0.8440391050456006
398,0.6372492836676218,0.8437766550751263
399,0.6378223495702006,0.843186142641559
400,0.6395415472779369,0.8427268551932288
401,0.6395415472779369,0.8423331802375172
402,0.6418338108882522,0.8419395052818057
403,0.6441260744985673,0.8414802178334755
404,0.6446991404011462,0.8410209303851454
405,0.6464183381088825,0.8403648054589594
406,0.6487106017191977,0.840102355488485
407,0.6504297994269341,0.8396430680401549
408,0.6510028653295129,0.8389869431139689
409,0.6527220630372492,0.8385932681582573
410,0.6544412607449857,0.83800275572469
411,0.6561604584527221,0.8372810183058854
412,0.6573065902578796,0.8366905058723181
413,0.6590257879656161,0.836231218423988
414,0.6601719197707736,0.8357063184830391
415,0.6607449856733525,0.8353126435273276
416,0.66189111747851,0.8348533560789975
417,0.6636103151862465,0.8341972311528115
418,0.6641833810888252,0.8336067187192442
419,0.6664756446991404,0.8332786562561512
420,0.6693409742120344,0.8326225313299652
421,0.670487106017192,0.8325569188373466
422,0.6727793696275072,0.8322288563742537
423,0.6750716332378224,0.8318351814185421
424,0.6756446991404012,0.8313758939702119
425,0.6779369627507164,0.8310478315071189
426,0.6802292263610314,0.8305229315661702
427,0.6825214899713468,0.8300636441178401
428,0.6842406876790831,0.8294731316842727
429,0.6853868194842407,0.8291450692211797
430,0.6876790830945558,0.8288170067580867
431,0.6911174785100287,0.8284233318023752
432,0.6951289398280802,0.8278984318614264
433,0.6985673352435531,0.8277672068761892
434,0.6985673352435531,0.8274391444130963
435,0.6985673352435531,0.8271110819500033
436,0.7002865329512894,0.826848631979529
437,0.701432664756447,0.8266517945016731
438,0.7031518624641834,0.8263893445311987
439,0.704297994269341,0.8257988320976314
440,0.7060171919770774,0.8254707696345385
441,0.707163323782235,0.8252739321566827
442,0.7094555873925501,0.8250114821862082
443,0.7111747851002865,0.8246178072304967
444,0.7123209169054441,0.8242241322747851
445,0.7123209169054441,0.8240272947969294
446,0.7134670487106017,0.8235680073485991
447,0.7151862464183381,0.8233711698707433
448,0.7174785100286534,0.8232399448855062
449,0.7174785100286534,0.8228462699297946
450,0.7191977077363897,0.8225838199593203
451,0.7203438395415473,0.82212453251099
452,0.7220630372492837,0.8217308575552785
453,0.72378223495702,0.8214027950921856
454,0.7243553008595989,0.821009120136474
455,0.7260744985673353,0.8207466701659996
456,0.7272206303724928,0.8202873827176694
457,0.7295128939828079,0.8198937077619579
458,0.7312320916905444,0.8197624827767207
459,0.7329512893982808,0.8194344203136277
460,0.7340974212034383,0.8190407453579162
461,0.7346704871060172,0.8187126828948232
462,0.7358166189111748,0.818253395446493
463,0.7369627507163323,0.8179253329834
464,0.7392550143266476,0.8173348205498328
465,0.740974212034384,0.8169411455941211
466,0.7426934097421203,0.8164162456531724
467,0.7438395415472779,0.8162850206679352
468,0.7444126074498567,0.815825733219605
469,0.7478510028653296,0.8155632832491306
470,0.7495702005730659,0.8152352207860376
471,0.7507163323782235,0.8147103208450889
472,0.7507163323782235,0.8141854209041401
473,0.7518624641833811,0.8139885834262843
474,0.7524355300859599,0.8136605209631914
475,0.7541547277936963,0.8132012335148613
476,0.7564469914040115,0.8128075585591497
477,0.7570200573065903,0.8125451085886752
478,0.7587392550143266,0.8120858211403451
479,0.7593123209169055,0.8118233711698708
480,0.7598853868194843,0.811626533692015
481,0.7616045845272206,0.811298471228922
482,0.7627507163323782,0.8107079587953546
483,0.763323782234957,0.8103142838396431
484,0.7656160458452722,0.8098549963913129
485,0.7673352435530085,0.80952693392822
486,0.769054441260745,0.8091988714651269
487,0.7713467048710602,0.8086083590315596
488,0.7724928366762178,0.8084771340463224
489,0.7736389684813754,0.8081490715832295
490,0.7753581661891118,0.8080178465979923
491,0.7765042979942693,0.8076897841348993
492,0.7776504297994269,0.8073617216718063
493,0.7799426934097421,0.8070992717013319
494,0.7799426934097421,0.8068368217308576
495,0.7810888252148998,0.8065087592677646
496,0.7822349570200573,0.8060494718194344
497,0.7822349570200573,0.8055901843711042
498,0.7828080229226361,0.8055245718784857
499,0.7845272206303725,0.8053933468932485
500,0.7851002865329513,0.8051965094153927
501,0.7868194842406877,0.804999671937537
502,0.7885386819484241,0.8046716094744439
503,0.7896848137535817,0.8043435470113509
504,0.7902578796561605,0.8038842595630208
505,0.7919770773638969,0.8037530345777836
506,0.7925501432664757,0.8034249721146907
507,0.7942693409742121,0.8027032346958861
508,0.7959885386819484,0.8023751722327931
509,0.7971346704871061,0.8020471097697002
510,0.7994269340974212,0.8017846597992258
511,0.8005730659025788,0.8013909848435142
512,0.8017191977077364,0.8011285348730398
513,0.8017191977077364,0.8008004724099469
514,0.802865329512894,0.8003411849616167
515,0.8040114613180516,0.800275572468998
516,0.8045845272206303,0.7998162850206679
517,0.805730659025788,0.7996194475428121
518,0.8074498567335243,0.799160160094482
519,0.8091690544412607,0.7990289351092448
520,0.8091690544412607,0.798832097631389
521,0.8103151862464184,0.7987664851387704
522,0.8120343839541547,0.7983071976904402
523,0.8126074498567335,0.7981759727052031
524,0.8131805157593124,0.7977166852568729
525,0.8148997134670487,0.7975198477790171
526,0.8166189111747851,0.7972573978085428
527,0.8177650429799427,0.7969293353454497
528,0.8183381088825215,0.7966668853749754
529,0.8194842406876791,0.796404435404501
530,0.8206303724928367,0.7961419854340266
531,0.8206303724928367,0.7956170854930779
532,0.8217765042979943,0.7955514730004593
533,0.8229226361031519,0.7953546355226035
534,0.8229226361031519,0.7952890230299849
535,0.8246418338108883,0.7952890230299849
536,0.8252148997134671,0.7952234105373663
537,0.8269340974212034,0.7949609605668919
538,0.8275071633237823,0.7946985105964175
539,0.828080229226361,0.7944360606259432
540,0.8286532951289398,0.7940423856702317
541,0.8297994269340974,0.7937143232071386
542,0.8315186246418338,0.7935174857292828
543,0.8326647564469913,0.793320648251427
544,0.833810888252149,0.7931894232661899
545,0.8343839541547278,0.7930581982809527
546,0.8349570200573067,0.7929925857883341
547,0.8361031518624642,0.7924020733547668
548,0.8383954154727794,0.7920083983990551
549,0.8401146131805157,0.7918115609211994
550,0.8412607449856734,0.7914178859654878
551,0.8429799426934097,0.7914178859654878
552,0.8435530085959886,0.7913522734728693
553,0.8452722063037249,0.7910242110097763
554,0.8464183381088826,0.7907617610393018
555,0.8469914040114613,0.7906961485466832
556,0.8487106017191977,0.7904993110688275
557,0.8487106017191977,0.7903024735909717
558,0.8487106017191977,0.7901056361131159
559,0.8498567335243553,0.7899744111278788
560,0.8515759312320916,0.7899744111278788
561,0.8521489971346705,0.7897119611574044
562,0.8532951289398281,0.7893182862016928
563,0.8544412607449856,0.7891870612164557
564,0.8573065902578797,0.7889902237385998
565,0.8573065902578797,0.7888589987533626
566,0.8578796561604585,0.7885965487828883
567,0.8595988538681949,0.7881372613345581
568,0.8595988538681949,0.7878091988714652
569,0.8595988538681949,0.787677973886228
570,0.8601719197707737,0.7874811364083721
571,0.8601719197707737,0.7871530739452792
572,0.86189111747851,0.7869562364674234
573,0.8624641833810889,0.7867593989895676
574,0.8624641833810889,0.7866281740043304
575,0.8636103151862464,0.7863657240338561
576,0.8659025787965616,0.786037661570763
577,0.8681948424068768,0.7856439866150515
578,0.8687679083094556,0.7853815366445771
579,0.8704871060171919,0.7850534741814842
580,0.8716332378223496,0.7843973492552982
581,0.8722063037249284,0.7840692867922052
582,0.8727793696275071,0.783938061806968
583,0.8733524355300859,0.7838724493143494
584,0.8739255014326648,0.7837412243291122
585,0.8739255014326648,0.7836099993438751
586,0.8756446991404011,0.7832819368807821
587,0.87621776504298,0.7830194869103078
588,0.8767908309455588,0.7826914244472147
589,0.8779369627507163,0.7824289744767403
590,0.879083094555874,0.782166524506266
591,0.8808022922636103,0.7819696870284102
592,0.8825214899713467,0.7816416245653173
593,0.8825214899713467,0.7813791745948429
594,0.8825214899713467,0.7810511121317498
595,0.8825214899713467,0.7809198871465127
596,0.8848137535816619,0.7806574371760383
597,0.8865329512893982,0.7804605996981826
598,0.8882521489971347,0.7801325372350896
599,0.8882521489971347,0.7798044747719965
600,0.8893982808022922,0.7794764123089036
601,0.8905444126074499,0.7789515123679549
602,0.8911174785100286,0.7787546748900991
603,0.8922636103151862,0.7786234499048619
604,0.8922636103151862,0.7782953874417688
605,0.8922636103151862,0.7779017124860573
606,0.8922636103151862,0.7779017124860573
607,0.8928366762177651,0.7775736500229644
608,0.8934097421203439,0.7774424250377272
609,0.8934097421203439,0.7773768125451086
610,0.8939828080229226,0.77731120005249
611,0.8945558739255014,0.776983137589397
612,0.8945558739255014,0.776655075126304
613,0.8957020057306591,0.7763270126632111
614,0.8962750716332378,0.7760645626927367
615,0.8968481375358166,0.7759989502001181
616,0.8974212034383954,0.7756708877370251
617,0.8979942693409743,0.775211600288695
618,0.8991404011461318,0.7751459877960764
619,0.8991404011461318,0.7749491503182206
620,0.9008595988538682,0.774555475362509
621,0.9020057306590258,0.7744242503772718
622,0.9020057306590258,0.7742930253920346
623,0.9020057306590258,0.7739649629289417
624,0.9020057306590258,0.7737681254510859
625,0.9025787965616046,0.7735056754806116
626,0.904297994269341,0.7733088380027557
627,0.9054441260744985,0.7729807755396627
628,0.9065902578796562,0.772783938061807
629,0.907163323782235,0.7725214880913326
630,0.9077363896848137,0.7723246506134768
631,0.9088825214899714,0.7721934256282397
632,0.9100286532951289,0.7719965881503839
633,0.9111747851002865,0.7717341381799094
634,0.9111747851002865,0.7715373007020536
635,0.9123209169054441,0.7714060757168165
636,0.9134670487106017,0.7712748507315793
637,0.9134670487106017,0.7710124007611049
638,0.9157593123209169,0.7708155632832492
639,0.9174785100286533,0.7704875008201562
640,0.9174785100286533,0.7701594383570631
641,0.9174785100286533,0.7698969883865888
642,0.9180515759312321,0.7696345384161144
643,0.9180515759312321,0.7694377009382587
644,0.9180515759312321,0.7692408634604029
645,0.9186246418338109,0.7690440259825471
646,0.9191977077363896,0.7687815760120726
647,0.9191977077363896,0.7683879010563611
648,0.9209169054441261,0.7682566760711239
649,0.9209169054441261,0.7680598385932682
650,0.9214899713467049,0.767600551144938
651,0.9226361031518625,0.7672068761892264
652,0.92378223495702,0.7670756512039892
653,0.9255014326647565,0.7668788137261334
654,0.926647564469914,0.7665507512630405
655,0.926647564469914,0.7662226887999475
656,0.926647564469914,0.7660914638147103
657,0.9272206303724928,0.765829013844236
658,0.9277936962750717,0.7656321763663801
659,0.9283667621776505,0.7653041139032872
660,0.9283667621776505,0.7649104389475756
661,0.9283667621776505,0.7644511514992455
662,0.9289398280802292,0.764188701528771
663,0.9300859598853868,0.7638606390656781
664,0.9306590257879657,0.7637294140804409
665,0.9312320916905444,0.7635325766025851
666,0.9318051575931232,0.7631389016468736
667,0.932378223495702,0.7628764516763992
668,0.932378223495702,0.7625483892133063
669,0.9329512893982808,0.7624827767206876
670,0.9329512893982808,0.7622859392428318
671,0.9329512893982808,0.7618922642871202
672,0.9335243553008596,0.7616954268092645
673,0.9346704871060172,0.7614985893314087
674,0.9346704871060172,0.7613673643461715
675,0.9346704871060172,0.76097368939046
676,0.9346704871060172,0.7607768519126041
677,0.9346704871060172,0.7607112394199855
678,0.9358166189111747,0.7605144019421297
679,0.9358166189111747,0.7603831769568926
680,0.9375358166189112,0.760317564464274
681,0.9381088825214899,0.7601207269864182
682,0.9381088825214899,0.7599895020011811
683,0.9381088825214899,0.7597926645233253
684,0.9381088825214899,0.7597926645233253
685,0.9381088825214899,0.7597270520307067
686,0.9398280802292264,0.7595958270454695
687,0.9398280802292264,0.7595302145528509
688,0.9404011461318051,0.7594646020602323
689,0.9404011461318051,0.7590709271045207
690,0.9415472779369628,0.7588740896266649
691,0.9421203438395416,0.7588084771340463
692,0.9438395415472779,0.7584804146709534
693,0.9444126074498568,0.7583491896857162
694,0.9449856733524356,0.7582835771930976
695,0.9449856733524356,0.7580867397152418
696,0.9449856733524356,0.7578242897447673
697,0.9455587392550143,0.7576274522669116
698,0.9455587392550143,0.7574306147890558
699,0.9461318051575931,0.7572993898038186
700,0.9461318051575931,0.7571025523259629
701,0.9472779369627508,0.7570369398333443
702,0.9478510028653295,0.7568401023554885
703,0.9489971346704871,0.7567744898628699
704,0.9489971346704871,0.7565776523850141
705,0.949570200573066,0.7565120398923955
706,0.949570200573066,0.7563808149071584
707,0.949570200573066,0.7562495899219212
708,0.9501432664756447,0.7560527524440653
709,0.9512893982808023,0.7559871399514467
710,0.9530085959885387,0.755790302473591
711,0.9535816618911175,0.7557246899809724
712,0.9541547277936963,0.7555934649957352
713,0.9553008595988539,0.7555278525031166
714,0.9558739255014327,0.7553310150252608
715,0.9564469914040115,0.755134177547405
716,0.957593123209169,0.7548717275769307
717,0.957593123209169,0.7547405025916935
718,0.9581661891117479,0.7544124401286005
719,0.9581661891117479,0.7542156026507447
720,0.9587392550143267,0.7541499901581261
721,0.9598853868194842,0.7540187651728889
722,0.9610315186246419,0.7536907027097959
723,0.9610315186246419,0.753362640246703
724,0.9616045845272206,0.7532314152614658
725,0.9621776504297994,0.7531658027688471
726,0.9621776504297994,0.75303457778361
727,0.9627507163323782,0.75303457778361
728,0.9627507163323782,0.7529689652909914
729,0.9627507163323782,0.7529689652909914
730,0.9627507163323782,0.7529689652909914
731,0.9627507163323782,0.7529033527983728
732,0.9627507163323782,0.7527721278131356
733,0.9633237822349571,0.7526409028278984
734,0.9633237822349571,0.7525096778426612
735,0.9644699140401146,0.752378452857424
736,0.9644699140401146,0.7521160028869497
737,0.9644699140401146,0.7518535529164753
738,0.9650429799426934,0.7517223279312382
739,0.9656160458452722,0.751591102946001
740,0.9656160458452722,0.7515254904533823
741,0.9656160458452722,0.7512630404829079
742,0.966189111747851,0.7511974279902893
743,0.9667621776504298,0.750934978019815
744,0.9679083094555874,0.7508693655271964
745,0.9684813753581661,0.7507381405419592
746,0.9684813753581661,0.7506725280493406
747,0.9684813753581661,0.7505413030641034
748,0.9684813753581661,0.7504100780788663
749,0.969054441260745,0.7504100780788663
750,0.9702005730659026,0.7503444655862477
751,0.9707736389684813,0.7502788530936291
752,0.9707736389684813,0.7502132406010105
753,0.9707736389684813,0.7500820156157733
754,0.9713467048710601,0.7500164031231547
755,0.971919770773639,0.7497539531526802
756,0.9724928366762178,0.7496883406600616
757,0.9724928366762178,0.7495571156748244
758,0.9730659025787965,0.7492946657043501
759,0.9730659025787965,0.7492290532117315
760,0.974785100286533,0.7491634407191129
761,0.9753581661891118,0.7490322157338758
762,0.9759312320916905,0.7487697657634014
763,0.9759312320916905,0.7487041532707828
764,0.9759312320916905,0.748507315792927
765,0.9759312320916905,0.7483760908076897
766,0.9759312320916905,0.7481792533298339
767,0.9759312320916905,0.7481136408372154
768,0.9759312320916905,0.7480480283445968
769,0.9759312320916905,0.7479168033593596
770,0.9765042979942693,0.747851190866741
771,0.9765042979942693,0.7477855783741224
772,0.977650429799427,0.7474575159110295
773,0.977650429799427,0.7472606784331737
774,0.977650429799427,0.7471294534479365
775,0.977650429799427,0.7471294534479365
776,0.977650429799427,0.7471294534479365
777,0.977650429799427,0.7471294534479365
778,0.9787965616045845,0.7470638409553179
779,0.9787965616045845,0.7469982284626993
780,0.9793696275071633,0.746867003477462
781,0.9793696275071633,0.7467357784922249
782,0.9793696275071633,0.7467357784922249
783,0.9799426934097422,0.7466045535069877
784,0.9805157593123209,0.7463421035365134
785,0.9810888252148997,0.7462108785512762
786,0.9810888252148997,0.7459484285808018
787,0.9816618911174785,0.7458828160881832
788,0.9816618911174785,0.7458828160881832
789,0.9816618911174785,0.7458172035955646
790,0.9816618911174785,0.745751591102946
791,0.9816618911174785,0.7455547536250902
792,0.9822349570200573,0.7454891411324716
793,0.9822349570200573,0.745423528639853
794,0.9822349570200573,0.7451610786693786
795,0.9833810888252149,0.7451610786693786
796,0.9833810888252149,0.7449642411915229
797,0.9833810888252149,0.7447674037136671
798,0.9833810888252149,0.7446361787284299
799,0.9833810888252149,0.7445705662358113
800,0.9839541547277937,0.7443737287579555
801,0.9839541547277937,0.7443081162653369
802,0.9839541547277937,0.7441768912800997
803,0.9845272206303725,0.7440456662948625
804,0.9845272206303725,0.743651991339151
805,0.9845272206303725,0.7435207663539138
806,0.9845272206303725,0.7435207663539138
807,0.9845272206303725,0.7433895413686766
808,0.9845272206303725,0.7432583163834394
809,0.9845272206303725,0.7431927038908208
810,0.9845272206303725,0.742995866412965
811,0.9845272206303725,0.7427990289351092
812,0.9845272206303725,0.7427990289351092
813,0.9845272206303725,0.7426021914572535
814,0.9845272206303725,0.7425365789646349
815,0.9845272206303725,0.7424053539793977
816,0.9845272206303725,0.7423397414867791
817,0.9845272206303725,0.7421429040089234
818,0.9845272206303725,0.7421429040089234
819,0.9845272206303725,0.7420116790236861
820,0.9845272206303725,0.7420116790236861
821,0.9845272206303725,0.7420116790236861
822,0.9851002865329513,0.7418148415458303
823,0.9851002865329513,0.7417492290532117
824,0.9851002865329513,0.7415523915753559
825,0.9851002865329513,0.7413555540975001
826,0.9851002865329513,0.7412899416048816
827,0.9851002865329513,0.7410931041270258
828,0.9851002865329513,0.7410931041270258
829,0.9851002865329513,0.7408962666491701
830,0.9851002865329513,0.7407650416639329
831,0.9851002865329513,0.740568204186077
832,0.9851002865329513,0.7405025916934584
833,0.9851002865329513,0.7403713667082212
834,0.9851002865329513,0.7403057542156026
835,0.9851002865329513,0.7401089167377468
836,0.9856733524355301,0.7401089167377468
837,0.9856733524355301,0.7399776917525096
838,0.9856733524355301,0.7397808542746539
839,0.9856733524355301,0.7396496292894167
840,0.9856733524355301,0.7396496292894167
841,0.9856733524355301,0.7395184043041796
842,0.9868194842406877,0.7393871793189424
843,0.9868194842406877,0.7393215668263238
844,0.9873925501432664,0.7392559543337052
845,0.9873925501432664,0.7389278918706121
846,0.9873925501432664,0.7389278918706121
847,0.9873925501432664,0.7389278918706121
848,0.9873925501432664,0.7389278918706121
849,0.9873925501432664,0.7387966668853749
850,0.9873925501432664,0.7387310543927563
851,0.9873925501432664,0.7385998294075191
852,0.9873925501432664,0.7383373794370448
853,0.9873925501432664,0.7382717669444262
854,0.9873925501432664,0.7382061544518077
855,0.9879656160458453,0.7381405419591891
856,0.9879656160458453,0.7380093169739519
857,0.9879656160458453,0.7377468670034775
858,0.9879656160458453,0.7377468670034775
859,0.9879656160458453,0.7376156420182403
860,0.9885386819484241,0.7376156420182403
861,0.9885386819484241,0.737484417033003
862,0.9885386819484241,0.737484417033003
863,0.9885386819484241,0.7374188045403844
864,0.9885386819484241,0.7373531920477658
865,0.9885386819484241,0.7372875795551472
866,0.9885386819484241,0.7370907420772915
867,0.9885386819484241,0.7370251295846729
868,0.9885386819484241,0.7368282921068172
869,0.9885386819484241,0.7366314546289614
870,0.9885386819484241,0.7365002296437242
871,0.9885386819484241,0.7361721671806312
872,0.9885386819484241,0.7359097172101567
873,0.9885386819484241,0.735712879732301
874,0.9885386819484241,0.7355816547470638
875,0.9885386819484241,0.7355816547470638
876,0.9885386819484241,0.7354504297618267
877,0.9885386819484241,0.7351879797913523
878,0.9885386819484241,0.7351223672987337
879,0.9885386819484241,0.7351223672987337
880,0.9885386819484241,0.7349911423134965
881,0.9885386819484241,0.7347286923430221
882,0.9885386819484241,0.7345318548651663
883,0.9885386819484241,0.7343350173873106
884,0.9885386819484241,0.7342037924020733
885,0.9891117478510029,0.7342037924020733
886,0.9891117478510029,0.7340725674168362
887,0.9896848137535816,0.733941342431599
888,0.9896848137535816,0.7338101174463618
889,0.9896848137535816,0.7336788924611246
890,0.9896848137535816,0.7334820549832688
891,0.9896848137535816,0.7334164424906502
892,0.9896848137535816,0.7334164424906502
893,0.9896848137535816,0.7330227675349387
894,0.9896848137535816,0.7329571550423201
895,0.9896848137535816,0.7328259300570829
896,0.9896848137535816,0.7326290925792271
897,0.9896848137535816,0.7325634800866085
898,0.9896848137535816,0.7322354176235155
899,0.9896848137535816,0.7319729676530411
900,0.9896848137535816,0.7318417426678039
901,0.9896848137535816,0.7318417426678039
902,0.9896848137535816,0.7316449051899482
903,0.9902578796561604,0.7313168427268553
904,0.9908309455587393,0.7312512302342367
905,0.9914040114613181,0.7309231677711436
906,0.9914040114613181,0.7306607178006692
907,0.9914040114613181,0.7304638803228134
908,0.9914040114613181,0.7302014303523391
909,0.9914040114613181,0.7298733678892462
910,0.9914040114613181,0.7296765304113904
911,0.9914040114613181,0.7293484679482973
912,0.9914040114613181,0.7290860179778229
913,0.9914040114613181,0.72875795551473
914,0.9914040114613181,0.7282330555737813
915,0.9914040114613181,0.7279049931106882
916,0.9914040114613181,0.7275113181549767
917,0.9914040114613181,0.7273144806771209
918,0.9914040114613181,0.7271832556918838
919,0.9914040114613181,0.7271176431992652
920,0.9914040114613181,0.726986418214028
921,0.9914040114613181,0.7269208057214094
922,0.9914040114613181,0.7265271307656977
923,0.9919770773638968,0.7260678433173676
924,0.9919770773638968,0.7259366183321304
925,0.9925501432664756,0.7258053933468933
926,0.9925501432664756,0.7254117183911817
927,0.9925501432664756,0.72501804343547
928,0.9925501432664756,0.7245587559871399
929,0.9925501432664756,0.7243619185092842
930,0.9925501432664756,0.7241650810314284
931,0.9925501432664756,0.7238370185683354
932,0.9925501432664756,0.7235089561052425
933,0.9925501432664756,0.7233121186273866
934,0.9931232091690544,0.7227872186864379
935,0.9936962750716333,0.7221967062528705
936,0.9936962750716333,0.7219998687750148
937,0.9936962750716333,0.7216718063119218
938,0.9936962750716333,0.7210812938783544
939,0.9936962750716333,0.7204251689521686
940,0.9936962750716333,0.7200314939964569
941,0.9936962750716333,0.7197690440259825
942,0.9936962750716333,0.7191785315924152
943,0.994269340974212,0.7185880191588478
944,0.994269340974212,0.7183255691883734
945,0.9948424068767908,0.7179318942326619
946,0.9948424068767908,0.7173413817990946
947,0.9948424068767908,0.7170133193360015
948,0.9948424068767908,0.7164884193950528
949,0.9948424068767908,0.7161603569319599
950,0.9959885386819485,0.7157010694836297
951,0.9959885386819485,0.7150449445574437
952,0.9959885386819485,0.7143888196312578
953,0.9959885386819485,0.7139295321829277
954,0.9959885386819485,0.7132734072567417
955,0.9965616045845272,0.7126828948231743
956,0.9965616045845272,0.7122236073748442
957,0.9965616045845272,0.7115674824486582
958,0.9965616045845272,0.7108457450298538
959,0.997134670487106,0.7100583951184305
960,0.997134670487106,0.7091398202217702
961,0.997134670487106,0.7081556328324914
962,0.9977077363896848,0.7073682829210681
963,0.9977077363896848,0.7066465455022637
964,0.9977077363896848,0.7060560330686962
965,0.9977077363896848,0.7053999081425104
966,0.9977077363896848,0.7044813332458499
967,0.9977077363896848,0.703037858408241
968,0.9977077363896848,0.701725608555869
969,0.9977077363896848,0.6998884587625485
970,0.9977077363896848,0.6984449839249394
971,0.9977077363896848,0.6968702841020931
972,0.9977077363896848,0.6954924217571026
973,0.9977077363896848,0.6946394593530608
974,0.9977077363896848,0.692999147037596
975,0.9977077363896848,0.6918181221704612
976,0.9977077363896848,0.6903090348402336
977,0.9977077363896848,0.6886687225247687
978,0.9977077363896848,0.6866347352535923
979,0.9977077363896848,0.6845351354897973
980,0.9982808022922636,0.682304310740765
981,0.9982808022922636,0.679417361065547
982,0.9982808022922636,0.6770553113312775
983,0.9982808022922636,0.6750869365527197
984,0.9982808022922636,0.6717406994291713
985,0.9982808022922636,0.6674758874089627
986,0.9982808022922636,0.6634735253592283
987,0.9988538681948425,0.6590774883537825
988,0.9988538681948425,0.6541565514073879
989,0.9988538681948425,0.6495636769240863
990,0.9988538681948425,0.6439210025588873
991,0.9988538681948425,0.6376878157601207
992,0.9988538681948425,0.6290269667344662
993,0.9988538681948425,0.6198412177678629
994,0.9988538681948425,0.6063906567810511
995,0.9988538681948425,0.589725083655928
996,0.9988538681948425,0.566104586313234
997,0.9988538681948425,0.5264746407716029
998,0.9988538681948425,0.44583688734335014
999,1.0,0.0
